suite,metric,condition,n,run,value,unit
disk,caches,,100,,135398144,bytes
disk,dbLogical,,100,,180200,bytes
disk,vectorBytes,,100,,155992,bytes
disk,metaBytes,,100,,24208,bytes
disk,indexedDBOrigin,,100,,643773,bytes
disk,usage,,100,,136042023,bytes
disk,caches,,500,,135398144,bytes
disk,dbLogical,,500,,901242,bytes
disk,vectorBytes,,500,,782474,bytes
disk,metaBytes,,500,,118768,bytes
disk,indexedDBOrigin,,500,,2028731,bytes
disk,usage,,500,,137426981,bytes
disk,caches,,1000,,135398144,bytes
disk,dbLogical,,1000,,1808492,bytes
disk,vectorBytes,,1000,,1568064,bytes
disk,metaBytes,,1000,,240428,bytes
disk,indexedDBOrigin,,1000,,5145198,bytes
disk,usage,,1000,,140543448,bytes
disk,caches,,2000,,135398144,bytes
disk,dbLogical,,2000,,3620732,bytes
disk,vectorBytes,,2000,,3139622,bytes
disk,metaBytes,,2000,,481110,bytes
disk,indexedDBOrigin,,2000,,7099476,bytes
disk,usage,,2000,,142497726,bytes
disk,caches,,5000,,135398144,bytes
disk,dbLogical,,5000,,9068252,bytes
disk,vectorBytes,,5000,,7855234,bytes
disk,metaBytes,,5000,,1213018,bytes
disk,indexedDBOrigin,,5000,,15768245,bytes
disk,usage,,5000,,151166495,bytes
